{
    "numeric_describe": {
        "count": {
            "X1": 768.0,
            "X2": 768.0,
            "X3": 768.0,
            "X4": 768.0,
            "X5": 768.0,
            "X6": 768.0,
            "X7": 768.0,
            "X8": 768.0,
            "Y1": 768.0,
            "Y2": 768.0
        },
        "mean": {
            "X1": 0.7641666666666667,
            "X2": 671.7083333333334,
            "X3": 318.5,
            "X4": 176.60416666666666,
            "X5": 5.25,
            "X6": 3.5,
            "X7": 0.234375,
            "X8": 2.8125,
            "Y1": 22.3071953125,
            "Y2": 24.58776041666667
        },
        "std": {
            "X1": 0.10577747587475192,
            "X2": 88.08611605586836,
            "X3": 43.6264814379949,
            "X4": 45.16595022292048,
            "X5": 1.7511404367453496,
            "X6": 1.1187625870603635,
            "X7": 0.13322056291470777,
            "X8": 1.5509596642247505,
            "Y1": 10.090203970187025,
            "Y2": 9.513305562326169
        },
        "min": {
            "X1": 0.62,
            "X2": 514.5,
            "X3": 245.0,
            "X4": 110.25,
            "X5": 3.5,
            "X6": 2.0,
            "X7": 0.0,
            "X8": 0.0,
            "Y1": 6.01,
            "Y2": 10.9
        },
        "25%": {
            "X1": 0.6825,
            "X2": 606.375,
            "X3": 294.0,
            "X4": 140.875,
            "X5": 3.5,
            "X6": 2.75,
            "X7": 0.1,
            "X8": 1.75,
            "Y1": 12.9925,
            "Y2": 15.620000000000001
        },
        "50%": {
            "X1": 0.75,
            "X2": 673.75,
            "X3": 318.5,
            "X4": 183.75,
            "X5": 5.25,
            "X6": 3.5,
            "X7": 0.25,
            "X8": 3.0,
            "Y1": 18.95,
            "Y2": 22.08
        },
        "75%": {
            "X1": 0.83,
            "X2": 741.125,
            "X3": 343.0,
            "X4": 220.5,
            "X5": 7.0,
            "X6": 4.25,
            "X7": 0.4,
            "X8": 4.0,
            "Y1": 31.6675,
            "Y2": 33.1325
        },
        "max": {
            "X1": 0.98,
            "X2": 808.5,
            "X3": 416.5,
            "X4": 220.5,
            "X5": 7.0,
            "X6": 5.0,
            "X7": 0.4,
            "X8": 5.0,
            "Y1": 43.1,
            "Y2": 48.03
        }
    },
    "missing_values": {
        "X1": 0,
        "X2": 0,
        "X3": 0,
        "X4": 0,
        "X5": 0,
        "X6": 0,
        "X7": 0,
        "X8": 0,
        "Y1": 0,
        "Y2": 0
    },
    "data_types": {
        "X1": "float64",
        "X2": "float64",
        "X3": "float64",
        "X4": "float64",
        "X5": "float64",
        "X6": "int64",
        "X7": "float64",
        "X8": "int64",
        "Y1": "float64",
        "Y2": "float64"
    },
    "correlation_matrix": {
        "X1": {
            "X1": 1.0,
            "X2": -0.991901461613886,
            "X3": -0.20378168032103786,
            "X4": -0.8688234077044763,
            "X5": 0.827747316838427,
            "X6": 5.878473340326859e-17,
            "X7": -2.0962614194234263e-15,
            "X8": -1.8963899553075394e-16,
            "Y1": 0.6222719356777698,
            "Y2": 0.6343390663353587
        },
        "X2": {
            "X1": -0.991901461613886,
            "X2": 1.0,
            "X3": 0.19550163278939023,
            "X4": 0.8807195166848419,
            "X5": -0.8581476730290198,
            "X6": -3.06683199090336e-17,
            "X7": 3.6233174156136505e-15,
            "X8": 2.4414090691164333e-15,
            "Y1": -0.658119917065419,
            "Y2": -0.6729989333544859
        },
        "X3": {
            "X1": -0.20378168032103786,
            "X2": 0.19550163278939023,
            "X3": 1.0,
            "X4": -0.2923164661948908,
            "X5": 0.2809757434745082,
            "X6": -2.510468885837962e-17,
            "X7": -8.647952830066728e-17,
            "X8": 2.0773317867725664e-16,
            "Y1": 0.455671365375227,
            "Y2": 0.4271169976671333
        },
        "X4": {
            "X1": -0.8688234077044763,
            "X2": 0.8807195166848419,
            "X3": -0.2923164661948908,
            "X4": 1.0,
            "X5": -0.9725122370185876,
            "X6": -5.591507148849939e-17,
            "X7": -1.7532238271226279e-15,
            "X8": -1.0684846835095034e-15,
            "Y1": -0.861828051579044,
            "Y2": -0.8625466035249748
        },
        "X5": {
            "X1": 0.827747316838427,
            "X2": -0.8581476730290198,
            "X3": 0.2809757434745082,
            "X4": -0.9725122370185876,
            "X5": 1.0,
            "X6": 4.8766760958477857e-17,
            "X7": -1.977685300774542e-16,
            "X8": -9.524162798725425e-17,
            "Y1": 0.8894304644356413,
            "Y2": 0.8957851688924491
        },
        "X6": {
            "X1": 5.878473340326859e-17,
            "X2": -3.06683199090336e-17,
            "X3": -2.510468885837962e-17,
            "X4": -5.591507148849939e-17,
            "X5": 4.8766760958477857e-17,
            "X6": 1.0,
            "X7": -9.366058007107477e-16,
            "X8": -2.608346239259212e-16,
            "Y1": -0.0025867627957550277,
            "Y2": 0.014289597576170083
        },
        "X7": {
            "X1": -2.0962614194234263e-15,
            "X2": 3.6233174156136505e-15,
            "X3": -8.647952830066728e-17,
            "X4": -1.7532238271226279e-15,
            "X5": -1.977685300774542e-16,
            "X6": -9.366058007107477e-16,
            "X7": 1.0,
            "X8": 0.21296422075719035,
            "Y1": 0.2698416853028353,
            "Y2": 0.2075049911603625
        },
        "X8": {
            "X1": -1.8963899553075394e-16,
            "X2": 2.4414090691164333e-15,
            "X3": 2.0773317867725664e-16,
            "X4": -1.0684846835095034e-15,
            "X5": -9.524162798725425e-17,
            "X6": -2.608346239259212e-16,
            "X7": 0.21296422075719035,
            "X8": 1.0,
            "Y1": 0.08736845962961932,
            "Y2": 0.05052511880567558
        },
        "Y1": {
            "X1": 0.6222719356777698,
            "X2": -0.658119917065419,
            "X3": 0.455671365375227,
            "X4": -0.861828051579044,
            "X5": 0.8894304644356413,
            "X6": -0.0025867627957550277,
            "X7": 0.2698416853028353,
            "X8": 0.08736845962961932,
            "Y1": 1.0,
            "Y2": 0.97586173914377
        },
        "Y2": {
            "X1": 0.6343390663353587,
            "X2": -0.6729989333544859,
            "X3": 0.4271169976671333,
            "X4": -0.8625466035249748,
            "X5": 0.8957851688924491,
            "X6": 0.014289597576170083,
            "X7": 0.2075049911603625,
            "X8": 0.05052511880567558,
            "Y1": 0.97586173914377,
            "Y2": 1.0
        }
    }
}